[ 
    {
        "id":"Thaifish1",
        "name": "Fried Sea Bass",
        "image":"https://img-global.cpcdn.com/recipes/3667118cf5d3b06b/1200x630cq70/photo.jpg",
        "descript":"Fried Sea Bass with Fish Sauce"
    },
    {
        "id":"Thaifish2",
        "name":"Spicy Catfish Salad",
        "image":"https://img.kapook.com/u/2017/surauch/cooking/e1_10.jpg",
        "descript":"Spicy salad with catfish"
    },
    {
        "id":"Thaifish3",
        "name":"Steamed Sea Bass",
        "image":"https://food.mthai.com/app/uploads/2017/02/Spicy-fish-2.jpg",
        "descript":"Steamed Sea Bass with Lemon"
    },
    {
        "id":"Thaifish4",
        "name":"Fish Porridge",
        "image":"https://food.mthai.com/app/uploads/2018/10/Fish-Porridge.jpg",
        "descript":"Boiled rice with fish"
    },
    {
        "id":"Thaifish5",
        "name":"FishFriedRice",
        "image":"https://acuisineth.com/app/uploads/2020/07/%E0%B9%80%E0%B8%97%E0%B8%A1%E0%B9%80%E0%B8%9E%E0%B8%A5%E0%B8%95%E0%B9%80%E0%B8%A7%E0%B9%87%E0%B8%9A-20-scaled.jpg",
        "descript":"Fried rice with canned fish"
    },
    {
        "id":"Thaifish6",
        "name":"Stir Fried Basil",
        "image":"https://f.ptcdn.info/096/004/000/1365778854-5321165140-o.jpg",
        "descript":"Stir Fried Basil with Dory Fish"
    },
    {
        "id":"Thaibeef1",
        "name":"Roast beef",
        "image":"https://s359.kapook.com/pagebuilder/3811138d-0851-40b1-af61-45a9d94cbbe4.jpg",
        "descript":"Grilled Beef with Jaew Dipping Sauce"
    },
    {
        "id":"Thaibeef2",
        "name":"Beef Noodles",
        "image":"https://www.matichonacademy.com/wp-content/uploads/2019/11/%E0%B8%81%E0%B9%8B%E0%B8%A7%E0%B8%A2%E0%B9%80%E0%B8%95%E0%B8%B5%E0%B9%8B%E0%B8%A2%E0%B8%A7%E0%B9%80%E0%B8%99%E0%B8%B7%E0%B9%89%E0%B8%AD%E0%B9%81%E0%B8%9A%E0%B8%9A%E0%B8%99%E0%B9%89%E0%B8%B3-700x395.jpg",
        "descript":"Beef Broth Noodles"
    },
    {
        "id":"Thaibeef3",
        "name":"Fried meat",
        "image":"https://1.bp.blogspot.com/-TIAJnjTfCc4/YJvu-1n9FWI/AAAAAAAAIjU/m4Ajm9EVaGYIvmP7tcvLHaZcSC7_eQ6YwCLcBGAsYHQ/s600/dad%255B1%255D.jpg",
        "descript":"Fried Sun Dried Beef"
    },
    {
        "id":"Thaibeef4",
        "name":"BeefBasil",
        "image":"https://s359.kapook.com/pagebuilder/57f5b7bb-59b1-40be-b644-5037a9d47f7b.jpg",
        "descript":"Beef Basil Fried Rice"
    },
    {
        "id":"Thaibeef5",
        "name":"Beef Green Curry",
        "image":"https://img.wongnai.com/p/1920x0/2019/03/18/11e7bbd7bbab421f9e1f2bc6c1d64e59.jpg",
        "descript":"Green Curry with Beef"
    },
    {
        "id":"Thaibeef6",
        "name":"Beef Massaman",
        "image":"https://img.wongnai.com/p/1968x0/2019/01/12/201b2c7a34884258bf6118600dbb1374.jpg",
        "descript":"Curry with Coconut Milk and Beef"
    },
    {
        "id":"Thaipork1",
        "name":"PorkBasil",
        "image":"https://d12man5gwydfvl.cloudfront.net/wp-content/uploads/2019/03/%E0%B8%9C%E0%B8%B1%E0%B8%94%E0%B8%81%E0%B8%B0%E0%B9%80%E0%B8%9E%E0%B8%A3%E0%B8%B2%E0%B8%AB%E0%B8%A1%E0%B8%B9%E0%B8%AA%E0%B8%B1%E0%B8%9A-1.jpg",
        "descript":"Stir Fried Basil Leaves with Pork"
    },
    {
        "id":"Thaipork2",
        "name":"PorkFriedRice",
        "image":"https://s359.kapook.com/pagebuilder/3dfc9eae-e6b7-484a-9cbc-280067076ce4.jpg",
        "descript":"Fried rice with sauce and pork"
    },
    {
        "id":"Thaipork3",
        "name":"Boiledricewithpork",
        "image":"https://4.bp.blogspot.com/-ugFdwQXTwdg/WPSSoW323JI/AAAAAAAAABU/yU2dYufg_OQaA_UN_wbTS10UFGRBviaUwCPcB/s1600/maxresdefault.jpg",
        "descript":"Boiled rice with pork"
    },
    {
        "id":"Thaipork4",
        "name":"Grilled Pork Sticky Rice",
        "image":"https://food.mthai.com/app/uploads/2017/09/Grilled-Pork-Sticks.jpg",
        "descript":"Thai sticky rice is eaten with marinated and grilled pork"
    },
    {
        "id":"Thaipork5",
        "name":"MincedPorkOmelette",
        "image":"https://img.wongnai.com/p/1968x0/2018/03/09/d6a4b6f44b504ec9b6b17feaeb7a2ecc.jpg",
        "descript":"Scrambled eggs and fried with minced pork"
    },
    {
        "id":"Thaipig6",
        "name":"MincedPorkSoup",
        "image":"https://img.wongnai.com/p/1920x0/2019/03/25/16be129786034c1185c4cc0768f61356.jpg",
        "descript":"Scrambled eggs and fried with minced pork"
    },
    {
        "id":"Thaiduck1",
        "name":"DuckNoodle",
        "image":"https://img.wongnai.com/p/1920x0/2019/02/23/15b5bb41ee034aed9c0ee71acd2d4821.jpg",
        "descript":"Noodles with Duck Meat"
    },
    {
        "id":"Thaiduck2",
        "name":"Pot stewed duck",
        "image":"https://img.wongnai.com/p/1920x0/2017/10/13/b010198e7fa74d2eb9f1348718eb3662.jpg",
        "descript":"The trimmed ducks are boiled with water and stewed pork"
    },
    {
        "id":"Thaiduck3",
        "name":"Larb Duck",
        "image":"https://www.cpbrandsite.com/contents/images/rneskenqmgj8enhlqerxjq4tcfgtsrjl3zrlcpkx.jpg",
        "descript":"The duck meat is seasoned with various spices for a spicy flavor"
    },
    {
        "id":"Thaiduck4",
        "name":"Basil Duck",
        "image":"https://f.ptcdn.info/408/051/000/oqi6pjj6jWN0nGmGxJu-o.jpg",
        "descript":"Fried rice with basil leaves and duck meat"
    },
    {
        "id":"Thaiduck5",
        "name":"Fried Duck",
        "image":"https://f.ptcdn.info/946/030/000/1430573696-IMG5896-o.jpg",
        "descript":"Fried Duck Skin with Fish Sauce"
    },
    {
        "id":"Thaiduck6",
        "name":"Smoked Duck Breast",
        "image":"https://www.theblackpeppercorn.com/wp-content/uploads/2017/03/How-to-Smoke-Duck-Breast-3.jpg",
        "descript":"Smoked Duck Breast with Spicy Sauce"
    },
    {
        "id":"Thaichicken1",
        "name":"Steamedrice",
        "image":"https://www.easycookingmenu.com/media/k2/items/cache/8824c56c994d9f6e54bce08c8e97d4d0_XL.jpg",
        "descript":"Rice cooked with spices with chicken meat"
    },
    {
        "id":"Thaichicken2",
        "name":"Hat Yai Fried Chicken",
        "image":"https://img.wongnai.com/p/1920x0/2016/06/21/7688035144bc469dbc6b7f46ab12bb7e.jpg",
        "descript":"Fried chicken marinated with spices and fried onions"
    },
    {
        "id":"Thaichicken3",
        "name":"TomKhaGai",
        "image":"https://numsups.com/wp-content/uploads/2021/03/%E0%B8%95%E0%B9%89%E0%B8%A1%E0%B8%82%E0%B9%88%E0%B8%B2%E0%B9%84%E0%B8%81%E0%B9%88-1.jpg",
        "descript":"Coconut milk curry with chicken meat and mushrooms"
    },
    {
        "id":"Thaichicken4",
        "name":"Gourd Chicken Noodles",
        "image":"https://img-ha.mthcdn.com/2YvohhZ_We-SVmM6Brpw0jCxBXQ=/food.mthai.com/app/uploads/2017/08/Braised-Chicken-with-Bitter-Gourd-Noodle.jpg",
        "descript":"Noodles with chicken and seasoned broth"
    },
    {
        "id":"Thaichicken5",
        "name":"ChickenBasil",
        "image":"https://www.siammakro.co.th/imgadmins/img_detail_food/th/143607.jpg",
        "descript":"Basil Fried Rice with Chicken"
    },
    {
        "id":"Thaichicken6",
        "name":"Larb Kai",
        "image":"https://www.cpbrandsite.com/contents/recipe/e0de7xjshvfytkpdbe5djiajahz5kwms6kifnaur.png",
        "descript":"Finely minced chicken and tossed with Laab seasoning"
    },
    {
        "id":"Thaiseafood1",
        "name":"Steamed Shrimp",
        "image":"https://www.easycookingmenu.com/media/k2/items/cache/c10c64c27e0606d1654b81b9bb482558_XL.jpg",
        "descript":"Steamed Shrimp with Lemon"
    },
    {
        "id":"Thaiseafood2",
        "name":"Shrimp Fried Rice",
        "image":"https://3.bp.blogspot.com/-x5jiMih5hBQ/WSGJW9ooqYI/AAAAAAAAEBg/pSKBuoYk-KEvWtRkHXh0eW3GxyHjObg0gCLcB/s1600/987663.jpg",
        "descript":"Fried rice with shrimp seasoning"
    },
    {
        "id":"Thaiseafood3",
        "name":"Tom Yum Seafood",
        "image":"https://www.bowensislandrestaurant.com/wp-content/uploads/2018/11/How-to-make-a-thick-sea-bass.jpg",
        "descript":"Spicy curry with seafood"
    },
    {
        "id":"Thaiseafood4",
        "name":"Stir-Fried Seafood",
        "image":"https://s.isanook.com/wo/0/rp/rc/w850h510/yacxacm1w0/aHR0cHM6Ly9zLmlzYW5vb2suY29tL3dvLzAvdWQvMzQvMTc0NzY1L2Zvb2QuanBn.jpg",
        "descript":"Stir-fried seafood with spicy seasonings"
    },
    {
        "id":"Thaiseafood5",
        "name":"Seafood basil",
        "image":"https://krua.co/wp-content/uploads/2020/06/RT1493_ImageBanner_1140x507.jpg",
        "descript":"Stir-fried basil leaves with seafood rice"
    },
    {
        "id":"Thaiseafood6",
        "name":"Seafood Porridge",
        "image":"https://snpfood.com/wp-content/uploads/2020/01/Breakfast-00003-scaled-1.jpg",
        "descript":"Boiled rice with seafood"
    },
    {
        "id":"Jpfis1",
        "name":"Saba fish rice",
        "image":"https://d12man5gwydfvl.cloudfront.net/wp-content/uploads/2020/02/shutterstock_1419410240.jpg",
        "descript":"Saba fish over rice with soy sauce"
    },
    {
        "id":"Jpfish2",
        "name":"Tuna Sushi",
        "image":"http://4.bp.blogspot.com/-_ysRHUR657E/Ui6nsqH3TII/AAAAAAAAADE/Or_8xt_qV_I/s1600/IMG_6930.JPG",
        "descript":"Japanese rice ball topped with tuna"
    },
    {
        "id":"Jpfish3",
        "name":"Eel with Rice",
        "image":"https://static5-th.orstatic.com/userphoto/Article/0/4L/000WQB1B6C94616C12C7CAj.jpg",
        "descript":"Rice with Grilled Eel with Soy Sauce"
    },
    {
        "id":"Jpfish4",
        "name":"Salmon Rice",
        "image":"https://cfcdn2.azsg.opensnap.com/azsg/snapphoto/photo/L9/GT7V/3BJS2WA3450360F6CAA1AFlv.jpg",
        "descript":"Grilled Salmon with Rice"
    },
    {
        "id":"Jpfish5",
        "name":"Salmon fride",
        "image":"https://www.nestle.co.th/sites/g/files/pydnoa486/files/thumb-chatbot.jpg",
        "descript":"Seasoned fried rice with salmon"
    },
    {
        "id":"Jpfish6",
        "name":"Sasimi",
        "image":"https://media-cdn.tripadvisor.com/media/photo-s/12/19/3f/68/caption.jpg",
        "descript":"Fresh raw salmon fillets cut into pieces"
    },
    {
        "id":"Jpbeef1",
        "name":"Gyudon",
        "image":"https://www.chillpainai.com/src/wewakeup/scoop/images/2b063db9d12b85c0a67a811408ae712b6b24af5b.jpg",
        "descript":"Stewed beef and onions"
    },
    {
        "id":"Jpbeef2",
        "name":"Beef Fried Rice",
        "image":"https://www.matichon.co.th/wp-content/uploads/2019/06/07-%E0%B8%82%E0%B9%89%E0%B8%B2%E0%B8%A7%E0%B8%9C%E0%B8%B1%E0%B8%94%E0%B9%80%E0%B8%99%E0%B8%B7%E0%B9%89%E0%B8%AD%E0%B8%A7%E0%B8%B2%E0%B8%81%E0%B8%B4%E0%B8%A7-A5-%E0%B8%81%E0%B8%A3%E0%B8%B0%E0%B8%97%E0%B8%B0%E0%B8%A3%E0%B9%89%E0%B8%AD%E0%B8%99.jpg",
        "descript":"Fried rice seasoned with Japanese beef sauce"
    },
    {
        "id":"Jpbeef3",
        "name":"Sushi beef",
        "image":"https://img.wongnai.com/p/1920x0/2018/06/13/8cee119c933143e2b43d8b1da16c2322.jpg",
        "descript":"Sushi topped with meat topping sauce"
    },
    {
        "id":"Jpbeef4",
        "name":"Udon bbef",
        "image":"https://cache-igetweb-v2.mt108.info/uploads/images-cache/3708/product/dc83443de0a09af110cdf0027c7c5245_full.jpg",
        "descript":"Udon Noodles with Beef"
    },
    {
        "id":"Jpbeef5",
        "name":"Beef Sukiyaki",
        "image":"http://2.bp.blogspot.com/-a4WA2wK06lg/UdaiTTB5UqI/AAAAAAAACDQ/hmSezn0xwWo/s640/japan+sukiyaki.jpg",
        "descript":"Soup with vegetables, mushrooms, eggs, tofu, broth and beef"
    },
    {
        "id":"Jpbeef6",
        "name":"Teppanyaki",
        "image":"http://f.ptcdn.info/948/022/000/1409556883-5603200301-o.jpg",
        "descript":"Stir-fried beef on a cast iron skillet"
    },
    {
        "id":"Jppork1",
        "name":"Pork Tonkatsu",
        "image":"https://www.maeban.co.th/upload_images/image/features/Japan%20Sec./Tonkatsu/Tonkatsu%206.JPG",
        "descript":"Thick slices of pork tossed in flour mixed with egg and breaded and deep fried"
    },
    {
        "id":"Jppork2",
        "name":"Pork Over Rice",
        "image":"https://www.cpbrandsite.com/contents/recipe/zhkxdm6cpkabqzjkohraqxfiun4e9eekvdrb2scx.jpg",
        "descript":"Rice with stir-fried pork with Japanese sauce"
    },
    {
        "id":"Jppork3",
        "name":"Pork Udon",
        "image":"https://www.ozenx.com/wp-content/uploads/2021/01/udon-ramen-noodles-with-pork-soup-scaled.jpg",
        "descript":"Udon noodles with pork"
    },
    {
        "id":"Jppork4",
        "name":"Curry Pork",
        "image":"https://bk-review.com/wp-content/uploads/2020/05/%E0%B8%A7%E0%B8%B4%E0%B8%98%E0%B8%B5%E0%B8%97%E0%B8%B3-%E0%B9%81%E0%B8%81%E0%B8%87%E0%B8%81%E0%B8%B0%E0%B8%AB%E0%B8%A3%E0%B8%B5%E0%B9%88%E0%B8%AB%E0%B8%A1%E0%B8%B9%E0%B8%97%E0%B8%AD%E0%B8%94-%E0%B8%97%E0%B8%B3%E0%B8%87%E0%B9%88%E0%B8%B2%E0%B8%A2%E0%B9%81%E0%B8%95%E0%B9%88%E0%B8%AD%E0%B8%A3%E0%B9%88%E0%B8%AD%E0%B8%A2%E0%B9%80%E0%B8%AB%E0%B8%A1%E0%B8%B7%E0%B8%AD%E0%B8%99%E0%B9%84%E0%B8%9B%E0%B8%81%E0%B8%B4%E0%B8%99%E0%B8%97%E0%B8%B5%E0%B9%88%E0%B8%A3%E0%B9%89%E0%B8%B2%E0%B8%99-34-of-42.jpg",
        "descript":"A type of coconut milk curry, thick soup, using pork"
    },
    {
        "id":"Jppork5",
        "name":"Pork Kushikatsu",
        "image":"https://www.tsunagujapan.com/wp-content/uploads/2015/06/pixta_21971949_S.jpg",
        "descript":"Breaded Pork Cutlet"
    },
    {
        "id":"Jppork6",
        "name":"Teriyaki Don",
        "image":"https://krua.co/wp-content/uploads/2021/04/RI1654_ImageBannerMobile_960x633_New_.jpg",
        "descript":"Pork Teriyaki with Rice"
    }
    ,
    {
        "id":"Jppork7",
        "name":"Pork Croquette",
        "image":"http://kujimag.com/wp-content/uploads/2019/05/korokke-japan-food-recipe.jpg",
        "descript":"Pork mixed with mashed potatoes, dipped in egg and breadcrumbs"
    },
    {
        "id":"Jppork8",
        "name":"Pork Ramen",
        "image":"https://mpics.mgronline.com/pics/Images/556000007395501.JPEG",
        "descript":"Ramen noodles with pork and soup"
    },
    {
        "id":"Jppork9",
        "name":"Gyoza",
        "image":"https://www.julietsmile.com/wp-content/uploads/2017/12/A-Ramen-The-Street-Ratchada-09.jpg",
        "descript":"Gyoza with minced pork and vegetables"
    },
    {
        "id":"Jppork10",
        "name":"Grilled Pork",
        "image":"http://f.ptcdn.info/716/047/000/ohquelwhj4Qy7Pd9W38-o.jpg",
        "descript":"Marinated Pork with Grilled Japanese Sauce"
    },
    {
        "id":"Jppork11",
        "name":"Pork Sushi",
        "image":"https://cfcdn2.azsg.opensnap.com/azsg/snapphoto/photo/LB/GUD0/3BRWL92D4058CEF877FB62lv.jpg",
        "descript":"Grilled Pork Sushi"
    },
    {
        "id":"Jppork12",
        "name":"Shibuya_pork",
        "image":"https://d28dpoj42hxr8c.cloudfront.net/files/topics/10637_ext_02_th_0.jpg?v=1472619705",
        "descript":"Pork skewers and then grilled with sauce"
    },

    {
        "id":"Jpchicken1",
        "name":"Teriyaki chicken",
        "image":"https://scm-assets.constant.co/scm/unilever/e9dc924f238fa6cc29465942875fe8f0/86f00c93-83bd-4ba0-b3a0-420cbdc8a3d8.jpg",
        "descript":"Japanese rice is covered with chicken and then grilled on a pan"
    },
    {
        "id":"Jpchicken2",
        "name":"Chicken Sukiyaki",
        "image":"https://www.baannoi.com/images/food/baannoi-sukee35.jpg",
        "descript":"Seasoned Soup with Pork and Chicken"
    },
    {
        "id":"Jpchicken3",
        "name":"Katsune Udon Chicken",
        "image":"https://www.maeban.co.th/upload_images/image/features/Japan%20Sec./Kitsune%20Udon/3.jpg",
        "descript":"Udon noodles with fried chicken"
    },
    {
        "id":"Jpchicken4",
        "name":"Chicken Curry",
        "image":"https://www.cpbrandsite.com/contents/recipe/8exw6qiuoydvckpzrmz4stxgawwc3dc8juchzrbc.jpg",
        "descript":"Thickened coconut milk curry with fried chicken meat"
    },
    {
        "id":"Jpchicken5",
        "name":"OyakoDeng",
        "image":"https://img-global.cpcdn.com/recipes/0b30708559df7b41/680x482cq70/%E0%B8%A3%E0%B8%9B-%E0%B8%AB%E0%B8%A5%E0%B8%81-%E0%B8%82%E0%B8%AD%E0%B8%87-%E0%B8%AA%E0%B8%95%E0%B8%A3-oyakodon-%E0%B9%82%E0%B8%AD%E0%B8%A2%E0%B8%B2%E0%B9%82%E0%B8%81%E0%B8%B0%E0%B8%94%E0%B8%87-%E0%B8%82%E0%B8%B2%E0%B8%A7%E0%B8%AB%E0%B8%99%E0%B8%B2%E0%B9%84%E0%B8%81%E0%B8%81%E0%B8%9A%E0%B9%84%E0%B8%82.jpg",
        "descript":"Chicken Rice with Egg"
    },
    {
        "id":"Jpchicken6",
        "name":"Yakisoba",
        "image":"https://www.ajinomotofoodservicethailand.com/wp-content/uploads/2018/11/10.HQshutterstock_703166530-1920x1280.jpg",
        "descript":"Yakisoba noodles stir-fried with sauce"
    },
    {
        "id":"Jpseafood1",
        "name":"Shrimp Tempura",
        "image":"https://f.ptcdn.info/299/070/000/qe1c9s60dmXwxFgIyUn-o.jpg",
        "descript":"Fried Shrimp"
    },
    {
        "id":"Jpseafood2",
        "name":"Sushi Uni",
        "image":"https://s359.kapook.com/r/600/auto/pagebuilder/b1f285ff-31c9-4270-8213-42b37654b294.jpg",
        "descript":"Japanese rice ball with uni clams"
    },
    {
        "id":"Jpseafood3",
        "name":"Shrimp Sushi",
        "image":"https://www.tunatenjo.com/wp-content/uploads/2020/04/90384625_233649101356134_4117877741322240000_o.jpg",
        "descript":"Japanese rice ball with shrimp toppingms"
    },
    {
        "id":"Jpseafood4",
        "name":"Octopus Takoyaki",
        "image":"https://pbs.twimg.com/media/DcfKP5mV4AAidgp.jpg",
        "descript":"Round dumplings made from flour"
    },
    {
        "id":"Jpseafood5",
        "name":"Seafood Yakisoba",
        "image":"https://img.wongnai.com/p/1920x0/2017/06/19/336cd7ad8d1f482dad4174d46c601a0f.jpg",
        "descript":"Yakisoba noodles with seafood"
    },
    {
        "id":"Jpseafood6",
        "name":"Tempura_Udon",
        "image":"https://yayoirestaurants.com/productimages/2238_01%20-%20880%20x%20800%20Noodle%20.jpg",
        "descript":"Fried shrimp with broth and udon noodles"
    },
    {
        "id":"Italianfish1",
        "name":"Grilled Salmon",
        "image":"https://www.smeleader.com/wp-content/uploads/2014/05/%E0%B8%AD%E0%B8%B2%E0%B8%AB%E0%B8%B2%E0%B8%A3%E0%B8%AD%E0%B8%B4%E0%B8%95%E0%B8%B2%E0%B9%80%E0%B8%A5%E0%B8%B5%E0%B8%A2%E0%B8%99-%E0%B8%88%E0%B8%B2%E0%B8%81%E0%B9%80%E0%B8%8A%E0%B8%9F%E0%B8%82%E0%B9%89%E0%B8%B2%E0%B8%87%E0%B8%97%E0%B8%B2%E0%B8%87%E0%B8%AA%E0%B8%B9%E0%B9%88%E0%B8%AD%E0%B8%B2%E0%B8%AB%E0%B8%B2%E0%B8%A3%E0%B8%A3%E0%B8%B0%E0%B8%94%E0%B8%B1%E0%B8%9A%E0%B8%82%E0%B8%B6%E0%B9%89%E0%B8%99%E0%B8%AB%E0%B9%89%E0%B8%B2%E0%B8%87-%E0%B9%80%E0%B8%8A%E0%B8%9F%E0%B9%84%E0%B8%81%E0%B8%A3-7-600x330.jpg",
        "descript":"Grilled salmon with salt and seasoning"
    },
    {
        "id":"Italianfish2",
        "name":"Spaghetti Salmon",
        "image":"https://lh3.googleusercontent.com/proxy/53w7v4Oxs3MWLSXzZxrKp_kK-KcGZ6UsE88aV1hbLg9aaYZCo5J5z60DfBYcFC2_sEWDwjcmBO80DiYMwTdeRdBv2BwSbpWbvOikc8g6CwUYknLV8Aew",
        "descript":"Spaghetti with Salmon and Garlic Sauce"
    },
    {
        "id":"Italianfish3",
        "name":"Salmon Pizza",
        "image":"https://www.recetin.com/wp-content/uploads/2016/02/pizza_Salmon_espinacas.jpg",
        "descript":"Salmon Pizza"
    },
    {
        "id":"Italianfish4",
        "name":"Pasta Salmon",
        "image":"http://f.ptcdn.info/790/007/000/1375100604-1373973441-o.jpg",
        "descript":"Pasta_withCreamCheeseSauce_and_Smoked_Salmon"
    },
    {
        "id":"Italianfish5",
        "name":"Panzenella_fish",
        "image":"https://media.healthyfood.com/wp-content/uploads/2016/09/Fish-tomato-and-feta-panzanella.jpg",
        "descript":"Crispy Bread Salad with Salmon Fillet"
    },
    {
        "id":"Italianfish6",
        "name":"Salad fish",
        "image":"https://imagesvc.meredithcorp.io/v3/mm/image?url=https%3A%2F%2Fstatic.onecms.io%2Fwp-content%2Fuploads%2Fsites%2F19%2F2013%2F01%2F08%2FMRP-VDK-NeelysSalad_420x420.jpg",
        "descript":"Vegetable salad with fried fish"
    },
    {
        "id":"Italianbeef1",
        "name":"Beef Burger",
        "image":"https://www.thetitanfood.com//public/img/menus/1/108.jpg",
        "descript":"Beef Burger"
    },
    {
        "id":"Italianbeef2",
        "name":"Beef Pizza",
        "image":"http://ungsriwong.s3.ap-southeast-1.amazonaws.com/wp-content/uploads/2020/01/20163409/4P_05.jpg",
        "descript":"Beef Pizza"
    },
    {
        "id":"Italianbeef3",
        "name":"Beef Spaghetti",
        "image":"https://cheznichique.files.wordpress.com/2018/02/26036209_864874057017238_1606218133_o.jpg",
        "descript":"Spaghetti with tomato sauce and meat"
    },
    {
        "id":"Italianbeef4",
        "name":"Beef Steak",
        "image":"https://upload.wikimedia.org/wikipedia/commons/thumb/a/a5/Beef_steak_%2811888070325%29.jpg/1200px-Beef_steak_%2811888070325%29.jpg",
        "descript":"roast beef"
    },
    {
        "id":"Italianbeef5",
        "name":"Osso buco",
        "image":"https://www.delonghi.com/Global/recipes/multifry/81.jpg",
        "descript":"cooked from beef Knead the flour and fry until cooked."
    },
   
    {
        "id":"Italianbeef6",
        "name":"Beef Lasagna",
        "image":"https://img.taste.com.au/7Hc2lg09/taste/2016/11/beef-lasagne-77009-1.jpeg",
        "descript":"rich meat sauce Mix with pasta, layered"
    },
    {
        "id":"Italianpork1",
        "name":"Berger pork",
        "image":"https://tmbidigitalassetsazure.blob.core.windows.net/rms3-prod/attachments/37/1200x1200/Grilled-Pork-Burgers_EXPS_SDJJ18_43741_D02_08_4b.jpg",
        "descript":"Pork Burger"
    },
    {
        "id":"Italianpork2",
        "name":"Pork Lasagna ",
        "image":"https://d12man5gwydfvl.cloudfront.net/wp-content/uploads/2018/10/HappyFresh-Lasagna-Recipe.jpg",
        "descript":"rich pork sauce Mix with pasta, layered"
    },
    {
        "id":"Italianpork3",
        "name":"Spaghetti Pork",
        "image":"https://img.wongnai.com/p/1920x0/2017/12/05/ebfdd8eb80b54012ae55d941a1c01b36.jpg",
        "descript":"Spaghetti with tomato sauce and stir-fried pork"
    },
    {
        "id":"Italianpork4",
        "name":"Steak Pork",
        "image":"https://image.makewebeasy.net/makeweb/0/qYdgUzlsW/DefaultData/%E0%B8%AB%E0%B8%A1%E0%B8%B9%E0%B8%99%E0%B8%B8%E0%B9%88%E0%B8%A1.png",
        "descript":"Grilled pork with a handful of pepper sauce"
    },
    {
        "id":"Italianpork5",
        "name":"Penne pork",
        "image":"https://www.cookingclassy.com/wp-content/uploads/2020/01/penne-alla-vodka-10-500x500.jpg",
        "descript":"Stir-fried Penne with Tomato Sauce and Pork"
    },
    {
        "id":"Italianpork6",
        "name":"Salad pork",
        "image":"https://img-global.cpcdn.com/recipes/e6b1ba59d46fb219/680x482cq70/%E0%B8%A3%E0%B8%9B-%E0%B8%AB%E0%B8%A5%E0%B8%81-%E0%B8%82%E0%B8%AD%E0%B8%87-%E0%B8%AA%E0%B8%95%E0%B8%A3-%E0%B8%AA%E0%B8%A5%E0%B8%94%E0%B8%AB%E0%B8%A1%E0%B8%A2%E0%B8%B2%E0%B8%87.jpg",
        "descript":"Vegetable salad with pork"
    },
    {
        "id":"Italianchicken1",
        "name":"Salad chicken",
        "image":"https://img.wongnai.com/p/1920x0/2017/11/16/bcb81b277172496598bd18a25617a0a7.jpg",
        "descript":"Vegetable salad with chicken"
    },
    {
        "id":"Italianchicken2",
        "name":"Berger chicken",
        "image":"https://ed.edtfiles-media.com/ud/review/1/146/435634/005-850x567.jpg",
        "descript":"Berger with chicken fried"
    },
    {
        "id":"Italianchicken3",
        "name":"Lasagna Chicken",
        "image":"https://www.bloggang.com/data/arinchaya/picture/1311776303.jpg",
        "descript":"rich chicken sauce Mix with pasta, layered"
    },
    {
        "id":"Italianchicken4",
        "name":"Roast turkey",
        "image":"https://www.lgblogger.com/wp-content/uploads/2016/12/%E0%B9%80%E0%B8%A1%E0%B8%99%E0%B8%B9-%E2%80%9C%E0%B9%84%E0%B8%81%E0%B9%88%E0%B8%87%E0%B8%A7%E0%B8%87%E0%B8%AD%E0%B8%9A%E2%80%9D-%E0%B8%AA%E0%B8%B3%E0%B8%AB%E0%B8%A3%E0%B8%B1%E0%B8%9A%E0%B8%84%E0%B8%B7%E0%B8%99%E0%B8%A7%E0%B8%B1%E0%B8%99%E0%B8%84%E0%B8%A3%E0%B8%B4%E0%B8%AA%E0%B8%95%E0%B9%8C%E0%B8%A1%E0%B8%B2%E0%B8%AA%E0%B8%AD%E0%B8%B5%E0%B8%9F%E0%B8%99%E0%B8%B5%E0%B9%89.jpg",
        "descript":"The turkey is seasoned and then baked."
    },
    {
        "id":"Italianchicken5",
        "name":"Chicken parmigiana",
        "image":"http://www.taste.com.au/images/recipes/sfi/2011/05/27224_l.jpg",
        "descript":"The chicken is breaded and fried with cheese."
    },
    {
        "id":"Italianchicken6",
        "name":"Pizza chicken",
        "image":"https://img.wongnai.com/p/1920x0/2017/01/25/831e74260d124ca29a6d3631652b110e.jpg",
        "descript":"Pizza Topping with Chicken and Cheese"
    },
    {
        "id":"Italianseafood1",
        "name":"Shrimp Spaghetti",
        "image":"https://www.tvpoolonline.com/wp-content/uploads/2018/06/Sequence-14.00_01_00_06.Still086-1024x1024.jpg",
        "descript":"Stir Fried Spaghetti with Shrimp Cream Sauce"
    },
    {
        "id":"Italianseafood2",
        "name":"Crispy Shrimp Salad",
        "image":"https://mssaradafood.com/wp-content/uploads/2020/10/84322-1024x768.jpg?x69673",
        "descript":"Vegetable Salad with Crispy Prawns"
    },
    {
        "id":"Italianseafood3",
        "name":"Pizza Seafood",
        "image":"https://pbs.twimg.com/media/EA4SYCeUcAAuOBk.jpg",
        "descript":"Shrimp and Seafood Cheese Pizza"
    },
    {
        "id":"Italianseafood4",
        "name":" Penne Shrimp",
        "image":"https://img-global.cpcdn.com/recipes/0112c8852cb227a5/1200x630cq70/photo.jpg",
        "descript":"Sauteed Penne with Sauce and Shrimp"
    },
    {
        "id":"Italianseafood5",
        "name":"StirFriedSpaghetti",
        "image":"https://img.wongnai.com/p/1920x0/2018/08/04/af5f930f8a0a4c798d903e22bc25d2f8.jpg",
        "descript":"Stir Fried Spaghetti with Shrimp"
    },
    {
        "id":"Italianseafood6",
        "name":"Shrimp Carbonara",
        "image":"https://mpics.mgronline.com/pics/Images/560000012655502.JPEG",
        "descript":"Stir Fried Spaghetti with Shrimp in White Sauce"
    },
    {
        "id":"Italianseafood7",
        "name":"Spaghetti BlackInk",
        "image":"https://img.wongnai.com/p/1920x0/2019/08/23/492f302e6b624623bcc0020fdbae9073.jpg",
        "descript":"Stir Fried Black Spaghetti with Squid"
    },
    {
        "id":"Italianseafood8",
        "name":" Shrimp fra diavolo",
        "image":"http://1.bp.blogspot.com/_jwXG0WxoPfI/TGCwSL6WGLI/AAAAAAAAAJ8/FfuTe3OhBos/s1600/shrimp+fra+diavolo.jpg",
        "descript":"Shrimp Spaghetti with Pepper and Garlic Sauce"
    },
    {
        "id":"Italianseafood9",
        "name":"Spinach Shrimp",
        "image":"https://cfcdn2.azsg.opensnap.com/azsg/snapphoto/photo/LB/GUGS/3BSNGQ00A757FA4611B78Blv.jpg",
        "descript":"Spinach with shrimp and then baked with cheese"
    },
    {
        "id":"Italiasneafood10",
        "name":"SeaDrunken Penne",
        "image":"https://cfcdn2.azsg.opensnap.com/azsg/snapphoto/photo/LG/GY37/3CIERLC3EB3E0086452AA0lv.jpg",
        "descript":"Stir Fried Spaghetti with Seafood"
    },
    {
        "id":"Italianseafood11",
        "name":"SeafoodLasagne",
        "image":"https://www.joinalifethailand.com/wp-content/uploads/2018/10/%E0%B9%80%E0%B8%A1%E0%B8%99%E0%B8%B9-%E0%B8%A5%E0%B8%B2%E0%B8%8B%E0%B8%B2%E0%B8%99%E0%B8%8D%E0%B9%88%E0%B8%B2%E0%B8%97%E0%B8%B0%E0%B9%80%E0%B8%A5.jpg",
        "descript":"Lasagna put it in a sheet."
    },
    {
        "id":"Italianseafood12",
        "name":"Grilled_Squid_Salad",
        "image":"https://bravelife.in.th/wp-content/uploads/2017/02/salad-thai-squid-3-3.jpg"
    }
]